{"cameraMode":{"drawMode":0,"name":"Shaded","section":"Shading Mode"},"sceneLighting":true,"audioPlay":false,"sceneViewState":{"showFog":true,"showMaterialUpdate":false,"showSkybox":true,"showFlares":true,"showImageEffects":true,"showParticleSystems":true},"in2DMode":false,"pivot":{"x":21.727699279785158,"y":-3.6324267387390138,"z":10.438217163085938},"rotation":{"x":-0.021493613719940187,"y":0.8936397433280945,"z":-0.04287135601043701,"w":-0.4462740123271942},"size":15.657888412475586,"orthographic":true}