{"cameraMode":{"drawMode":0,"name":"Shaded","section":"Shading Mode"},"sceneLighting":false,"audioPlay":false,"sceneViewState":{"showFog":true,"showMaterialUpdate":false,"showSkybox":false,"showFlares":true,"showImageEffects":true,"showParticleSystems":true},"in2DMode":false,"pivot":{"x":0.305929958820343,"y":2.0848848819732668,"z":1.5165303945541382},"rotation":{"x":0.15583398938179017,"y":0.8036031126976013,"z":-0.5219200849533081,"w":0.23991110920906068},"size":22.0,"orthographic":false}