{"cameraMode":{"drawMode":0,"name":"Shaded","section":"Shading Mode"},"sceneLighting":true,"audioPlay":false,"sceneViewState":{"showFog":true,"showMaterialUpdate":false,"showSkybox":true,"showFlares":true,"showImageEffects":true,"showParticleSystems":true},"in2DMode":false,"pivot":{"x":7.682592868804932,"y":6.479256629943848,"z":1.2978718280792237},"rotation":{"x":0.04463255777955055,"y":-0.9313573241233826,"z":0.1222350150346756,"w":0.3400738835334778},"size":18.380447387695314,"orthographic":true}